=== SISTEMA DE GEST√ÉO ESCOLAR v2.1 - TRANSFER√äNCIAS AVAN√áADAS ===,,,,,,
Gerado em: 15/09/2025 14:32:10,,,,,,
,,,,,,
Nome do Arquivo,Categoria,Tipo,Prioridade,Descri√ß√£o,Funcionalidades,Como Usar
transferencia_avancada_service.py,Backend - Servi√ßos,NOVO,CR√çTICO,L√≥gica completa dos 4 cen√°rios de transfer√™ncia,Cen√°rio 1: Mesmo Ano | Cen√°rio 2: Novo Ano | Cen√°rio 3: Desligamento | Cen√°rio 4: Reativa√ß√£o,Usado automaticamente pela interface gr√°fica
transferencia_avancada.py,Frontend - Interface,NOVO,CR√çTICO,Interface gr√°fica completa para os 4 cen√°rios,Radio buttons | Lista de alunos | Valida√ß√£o visual | Estat√≠sticas | Relat√≥rios CSV,"Acess√≠vel via bot√£o ""üîÑ Transfer√™ncias"" na interface principal"
main_avancado.py,Aplica√ß√£o Principal,NOVO,CR√çTICO,Inicializador principal com verifica√ß√µes autom√°ticas,Verifica√ß√£o de depend√™ncias | Inicializa√ß√£o de tabelas | Dados de exemplo,Execute: python main_avancado.py
main_window_avancado.py,Frontend - Interface,ATUALIZADO,CR√çTICO,Janela principal atualizada com nova navega√ß√£o,Nova navbar | Configura√ß√µes expandidas | Sistema de backup,Usado automaticamente pelo main_avancado.py
demonstracao_completa.py,Demonstra√ß√£o e Testes,NOVO,IMPORTANTE,Demo autom√°tica dos 4 cen√°rios funcionando,Demonstra√ß√£o autom√°tica | Teste de todos os cen√°rios | Relat√≥rio final,Execute: python demonstracao_completa.py
README_COMPLETO.md,Documenta√ß√£o,NOVO,IMPORTANTE,Documenta√ß√£o detalhada com exemplos pr√°ticos,Explica√ß√£o dos cen√°rios | Exemplos passo a passo | Guias de instala√ß√£o,Leia para entender o sistema completo
INSTALACAO_RAPIDA.bat,Instala√ß√£o e Configura√ß√£o,NOVO,√öTIL,Script Windows para instala√ß√£o guiada,Verifica√ß√£o Python | Instala√ß√£o depend√™ncias | Teste sistema | Demo + Interface,Duplo-clique no Windows para instala√ß√£o autom√°tica
requirements.txt,Configura√ß√£o,ATUALIZADO,IMPORTANTE,Lista atualizada de depend√™ncias,matplotlib>=3.5.0 | numpy>=1.21.0 | python-dateutil>=2.8.0,pip install -r requirements.txt
RESUMO_FINAL.md,Documenta√ß√£o,NOVO,REFER√äNCIA,Lista organizada de todos os arquivos criados,Estrutura completa | Guias de uso | Instru√ß√µes por usu√°rio,Leia para ter vis√£o geral de todos os arquivos
LEIA-ME.txt,Documenta√ß√£o,NOVO,REFER√äNCIA,Instru√ß√µes r√°pidas de uso,Guia r√°pido | Op√ß√µes de execu√ß√£o | Resumo dos cen√°rios,Primeiro arquivo a ler para instru√ß√µes b√°sicas
,,,,,,
=== RESUMO ===,,,,,,
Total de arquivos:,10,,,,,
Novos:,8,,,,,
Atualizados:,2,,,,,
,,,,,,
=== EXECU√á√ÉO R√ÅPIDA ===,,,,,,
Sistema Completo:,python main_avancado.py,,,,,"Clique em ""üîÑ Transfer√™ncias"""
Demonstra√ß√£o:,python demonstracao_completa.py,,,,,V√™ os 4 cen√°rios funcionando
Instala√ß√£o (Windows):,Duplo-clique INSTALACAO_RAPIDA.bat,,,,,Instala√ß√£o guiada autom√°tica
